{
  "Delete" : {
    "transaction" : "Delete",
    "sampleCount" : 20,
    "errorCount" : 0,
    "errorPct" : 0.0,
    "meanResTime" : 340.79999999999995,
    "medianResTime" : 295.5,
    "minResTime" : 203.0,
    "maxResTime" : 792.0,
    "pct1ResTime" : 587.3000000000002,
    "pct2ResTime" : 782.2499999999999,
    "pct3ResTime" : 792.0,
    "throughput" : 1.1621825788831426,
    "receivedKBytesPerSec" : 22.786439417601255,
    "sentKBytesPerSec" : 0.3884913054215817
  },
  "Post-1" : {
    "transaction" : "Post-1",
    "sampleCount" : 20,
    "errorCount" : 0,
    "errorPct" : 0.0,
    "meanResTime" : 260.75000000000006,
    "medianResTime" : 202.5,
    "minResTime" : 105.0,
    "maxResTime" : 794.0,
    "pct1ResTime" : 583.7000000000005,
    "pct2ResTime" : 784.4999999999999,
    "pct3ResTime" : 794.0,
    "throughput" : 0.8852691218130312,
    "receivedKBytesPerSec" : 17.470578634029746,
    "sentKBytesPerSec" : 0.10720055771954674
  },
  "GetAll" : {
    "transaction" : "GetAll",
    "sampleCount" : 1000,
    "errorCount" : 0,
    "errorPct" : 0.0,
    "meanResTime" : 213.12900000000008,
    "medianResTime" : 198.0,
    "minResTime" : 18.0,
    "maxResTime" : 2100.0,
    "pct1ResTime" : 303.0,
    "pct2ResTime" : 400.0,
    "pct3ResTime" : 1005.9100000000001,
    "throughput" : 35.72576899717767,
    "receivedKBytesPerSec" : 706.8660183183881,
    "sentKBytesPerSec" : 4.326167339501983
  },
  "Post" : {
    "transaction" : "Post",
    "sampleCount" : 20,
    "errorCount" : 0,
    "errorPct" : 0.0,
    "meanResTime" : 511.25000000000006,
    "medianResTime" : 399.5,
    "minResTime" : 208.0,
    "maxResTime" : 1328.0,
    "pct1ResTime" : 1090.1000000000004,
    "pct2ResTime" : 1317.1499999999999,
    "pct3ResTime" : 1328.0,
    "throughput" : 0.8648274669203494,
    "receivedKBytesPerSec" : 17.164291544149442,
    "sentKBytesPerSec" : 0.33613411311943264
  },
  "Post-0" : {
    "transaction" : "Post-0",
    "sampleCount" : 20,
    "errorCount" : 0,
    "errorPct" : 0.0,
    "meanResTime" : 250.4,
    "medianResTime" : 195.0,
    "minResTime" : 15.0,
    "maxResTime" : 1001.0,
    "pct1ResTime" : 605.9000000000002,
    "pct2ResTime" : 981.6499999999997,
    "pct3ResTime" : 1001.0,
    "throughput" : 0.8756950829721091,
    "receivedKBytesPerSec" : 0.09834466263846929,
    "sentKBytesPerSec" : 0.2343168483733964
  },
  "Total" : {
    "transaction" : "Total",
    "sampleCount" : 2178,
    "errorCount" : 1,
    "errorPct" : 0.04591368,
    "meanResTime" : 145.24839302112,
    "medianResTime" : 104.0,
    "minResTime" : 1.0,
    "maxResTime" : 2100.0,
    "pct1ResTime" : 297.10000000000014,
    "pct2ResTime" : 397.0,
    "pct3ResTime" : 995.21,
    "throughput" : 77.80516557710857,
    "receivedKBytesPerSec" : 900.0050305545137,
    "sentKBytesPerSec" : 10.61143494579002
  },
  "Delete-0" : {
    "transaction" : "Delete-0",
    "sampleCount" : 20,
    "errorCount" : 0,
    "errorPct" : 0.0,
    "meanResTime" : 158.60000000000002,
    "medianResTime" : 99.5,
    "minResTime" : 2.0,
    "maxResTime" : 590.0,
    "pct1ResTime" : 395.7000000000002,
    "pct2ResTime" : 580.7999999999998,
    "pct3ResTime" : 590.0,
    "throughput" : 1.1695906432748537,
    "receivedKBytesPerSec" : 0.13135051169590642,
    "sentKBytesPerSec" : 0.24933753654970758
  },
  "Delete-1" : {
    "transaction" : "Delete-1",
    "sampleCount" : 20,
    "errorCount" : 0,
    "errorPct" : 0.0,
    "meanResTime" : 181.94999999999996,
    "medianResTime" : 198.0,
    "minResTime" : 94.0,
    "maxResTime" : 309.0,
    "pct1ResTime" : 285.20000000000016,
    "pct2ResTime" : 308.25,
    "pct3ResTime" : 309.0,
    "throughput" : 1.2034418436729044,
    "receivedKBytesPerSec" : 23.460240819995185,
    "sentKBytesPerSec" : 0.1457292857572658
  },
  "Put-0" : {
    "transaction" : "Put-0",
    "sampleCount" : 19,
    "errorCount" : 0,
    "errorPct" : 0.0,
    "meanResTime" : 196.36842105263156,
    "medianResTime" : 188.0,
    "minResTime" : 7.0,
    "maxResTime" : 990.0,
    "pct1ResTime" : 297.0,
    "pct2ResTime" : 990.0,
    "pct3ResTime" : 990.0,
    "throughput" : 1.0989646596101568,
    "receivedKBytesPerSec" : 0.12341888267106252,
    "sentKBytesPerSec" : 0.326085679478281
  },
  "Put-1" : {
    "transaction" : "Put-1",
    "sampleCount" : 19,
    "errorCount" : 0,
    "errorPct" : 0.0,
    "meanResTime" : 337.84210526315786,
    "medianResTime" : 288.0,
    "minResTime" : 112.0,
    "maxResTime" : 1216.0,
    "pct1ResTime" : 917.0,
    "pct2ResTime" : 1216.0,
    "pct3ResTime" : 1216.0,
    "throughput" : 1.0980120203421175,
    "receivedKBytesPerSec" : 21.763110678889277,
    "sentKBytesPerSec" : 0.1329623930883033
  },
  "GetById" : {
    "transaction" : "GetById",
    "sampleCount" : 1000,
    "errorCount" : 0,
    "errorPct" : 0.0,
    "meanResTime" : 48.442999999999934,
    "medianResTime" : 5.0,
    "minResTime" : 1.0,
    "maxResTime" : 1198.0,
    "pct1ResTime" : 95.0,
    "pct2ResTime" : 101.0,
    "pct3ResTime" : 316.99,
    "throughput" : 36.69186174506495,
    "receivedKBytesPerSec" : 112.72714555661554,
    "sentKBytesPerSec" : 4.801474095545608
  },
  "Put" : {
    "transaction" : "Put",
    "sampleCount" : 20,
    "errorCount" : 1,
    "errorPct" : 5.0,
    "meanResTime" : 527.6999999999999,
    "medianResTime" : 397.0,
    "minResTime" : 203.0,
    "maxResTime" : 1411.0,
    "pct1ResTime" : 1105.6,
    "pct2ResTime" : 1395.7499999999998,
    "pct3ResTime" : 1411.0,
    "throughput" : 1.1433144686446006,
    "receivedKBytesPerSec" : 21.655481388984168,
    "sentKBytesPerSec" : 0.4708356556908478
  }
}